route,point,ordinal_date_1,ordinal_date_2,ordinal_date_3,min_sun_1,min_sun_2,min_sun_3,y_1,y_2,y_3,cars_1,cars_2,cars_3,wind_1,wind_2,wind_3,temp_1,temp_2,temp_3,lat,long,canopy
bamb,01,-0.9006956383914432,0.15437229519616327,1.4732072121806712,-1.545167459970956,-1.3285951157029972,-1.5833861089594194,1,1,1,-0.719153427441943,-0.719153427441943,-0.719153427441943,-0.8437866336776528,-0.8437866336776528,-0.8437866336776528,-0.49315655797282826,0.5204306814166338,0.3107229767153655,32.56218473,-87.57926188,-0.24738243068622404
bamb,02,-0.9006956383914432,0.15437229519616327,1.4732072121806712,-1.2521578177260704,-1.6088652082850616,-1.303116016377355,0,0,0,0.18530690093213234,0.18530690093213234,-0.4176666513172512,-0.8437866336776528,-0.8437866336776528,-0.8437866336776528,-0.3533514215053156,0.06606398789721987,0.555381965533511,32.565353,-87.570598,-0.3817935712628879
bamb,03,-0.9006956383914432,0.02248880349771246,1.4732072121806712,-0.8954504271670793,1.6015013067458586,-0.9973668244696482,0,0,0,-0.4176666513172512,0.48679367705682414,-0.719153427441943,-0.8437866336776528,0.2344676189255524,0.08043129712509453,-1.4368412291285333,1.1845050796373149,-0.14364371680404847,32.563389,-87.559425,0.669177111972772
bamb,05,-0.9006956383914432,0.02248880349771246,1.4732072121806712,-0.5769616855965515,1.308491664500973,-0.6916176325619415,0,0,1,-0.719153427441943,0.48679367705682414,-0.719153427441943,-0.8437866336776528,0.6965765843269262,-0.8437866336776528,-1.227133524427265,-0.038789864453414306,0.3456742608322439,32.547863,-87.565459,0.39163473941432925
bamb,06,-0.9006956383914432,0.02248880349771246,1.4732072121806712,-0.2584729440260237,0.5695977840573485,-0.39860799031705596,1,0,1,-0.4176666513172512,-0.4176666513172512,-0.719153427441943,0.08043129712509453,-0.8437866336776528,0.08043129712509453,-1.227133524427265,0.13596655613097558,-0.10869243268717001,32.545053,-87.554375,-0.3974061729627633
bamb,07,-0.9006956383914432,0.02248880349771246,1.4732072121806712,0.02179714855604074,0.25110904248682075,-0.1183378977349915,1,1,1,-0.4176666513172512,-0.4176666513172512,-0.11617987519255944,0.3885039407260104,-0.38167766827627914,-0.8437866336776528,-0.9824745356091195,0.2058691243647313,0.41557682906599963,32.54536,-87.543515,-0.20831647060726824
bamb,08,-0.9006956383914432,0.02248880349771246,1.4732072121806712,0.391244088777853,-0.05464014942088593,0.1874112941727152,0,0,0,-0.719153427441943,-0.719153427441943,-0.4176666513172512,-0.22764134647582118,0.2344676189255524,0.08043129712509453,-0.4232539897390725,-0.9125719673753637,0.3456742608322439,32.527495,-87.526791,-1.0717302100260853
bamb,09,-0.9006956383914432,0.02248880349771246,1.4732072121806712,0.6842537310227386,-0.3349102420029504,0.505900035743243,0,0,0,-0.719153427441943,-0.4176666513172512,-0.719153427441943,0.3885039407260104,-0.8437866336776528,-0.38167766827627914,-0.24849756915468266,-0.8776206832584852,0.38062554494912115,32.529361,-87.516197,-1.0341640931599982
bamb,10,-0.9006956383914432,0.02248880349771246,1.4732072121806712,0.951784273941982,-0.627919884247836,0.7989096779881286,0,0,0,-0.4176666513172512,-0.719153427441943,-0.719153427441943,0.2344676189255524,-0.8437866336776528,0.2344676189255524,-0.38830270562219404,-0.9125719673753637,0.5204306814166338,32.5321,-87.505748,-0.898359448294817
bamb,11,-0.9006956383914432,0.02248880349771246,1.4732072121806712,1.2320543665240464,-0.9336690761555426,1.079179770570193,0,0,0,-0.4176666513172512,-0.719153427441943,-0.719153427441943,0.6965765843269262,0.08043129712509453,0.2344676189255524,-0.2834488532715599,-1.1921822403103877,0.9747973749360465,32.532893,-87.495005,-0.6462344849014958
bamb,12,-0.9006956383914432,0.02248880349771246,1.4732072121806712,1.537803558431753,-1.2266787184004282,1.3594498631522576,1,0,0,-0.719153427441943,-0.719153427441943,-0.719153427441943,-0.8437866336776528,0.08043129712509453,-0.38167766827627914,0.06606398789721987,-0.7727668309078523,0.9048948067022908,32.533161,-87.484284,0.4714182971889657
bamb,14,-0.9006956383914432,0.02248880349771246,1.4732072121806712,1.9327295979792076,-1.6088652082850616,1.72889680337407,1,0,0,0.48679367705682414,-0.4176666513172512,2.295714333804975,1.3127218715287576,-0.8437866336776528,0.5425402625264683,0.6602358178841452,-1.1572309561935092,0.6951871020010237,32.457629,-87.498515,-0.34443828933082477
boli,01,-1.6260548427329224,-0.4391034174468653,0.6159645161407411,-1.4432510626683872,1.6906781543856066,1.7671154523625332,0,0,0,-0.719153427441943,-0.719153427441943,-0.4176666513172512,-0.8437866336776528,0.6965765843269262,0.08043129712509453,-2.5902336049855066,0.6951871020010237,0.8699435225854135,32.76678381,-87.99463367,0.21109205646514892
boli,02,-1.6260548427329224,-0.4391034174468653,0.6159645161407411,-1.1375018707606805,1.3976685121407209,1.4741058101176474,0,0,0,-0.719153427441943,-0.719153427441943,-0.719153427441943,-0.8437866336776528,-0.8437866336776528,-0.38167766827627914,-1.9261592067648245,1.2544076478710706,1.1845050796373149,32.761787,-87.985935,1.3096469864874907
boli,03,-1.6260548427329224,-0.4391034174468653,0.6159645161407411,-0.857231778178616,1.1301379692214775,1.1683566182099407,0,0,0,-0.719153427441943,-0.719153427441943,-0.719153427441943,-0.8437866336776528,-0.38167766827627914,-0.8437866336776528,-1.7164515020635573,1.289358931987949,1.2194563637541933,32.764829,-87.973267,1.301251729215809
boli,04,-1.6260548427329224,-0.4391034174468653,0.6159645161407411,-0.5642221359337304,0.849867876639413,0.8753469759650553,1,1,1,-0.719153427441943,-0.719153427441943,-0.719153427441943,-0.8437866336776528,-0.8437866336776528,-0.22764134647582118,-1.1572309561935092,0.8000409543516566,1.3243102161048264,32.769706,-87.963726,0.026105219031702483
boli,05,-1.6260548427329224,-0.4391034174468653,0.6159645161407411,-0.28395204335166596,0.5695977840573485,0.5950768833829908,0,0,0,-0.719153427441943,-0.4176666513172512,-0.719153427441943,0.2344676189255524,0.5425402625264683,-0.07360502467536333,-1.297036092661022,0.4854793972997553,0.6602358178841452,32.774568,-87.954356,-0.6284973211819913
boli,06,-1.6260548427329224,-0.4391034174468653,0.6159645161407411,0.07275534720732518,0.1746717445098941,0.22562994316117854,1,0,1,-0.719153427441943,-0.719153427441943,-0.719153427441943,-0.8437866336776528,-0.8437866336776528,-0.8437866336776528,-0.7028642626740954,-0.17859500092092573,1.0446999431698034,32.758853,-87.967366,1.8123894908783267
boli,07,-1.6260548427329224,-0.4391034174468653,0.6159645161407411,0.36576498945221075,-0.10559834807217038,-0.05464014942088593,1,1,1,-0.719153427441943,-0.719153427441943,-0.719153427441943,-0.8437866336776528,-0.8437866336776528,0.08043129712509453,-0.21354628503780418,-0.24849756915468266,0.38062554494912115,32.756038,-87.957348,1.2051281126306483
boli,08,-1.6260548427329224,-0.4391034174468653,0.6159645161407411,0.6842537310227386,-0.41134753997987705,-0.3476497916657715,0,0,0,-0.719153427441943,-0.719153427441943,-0.719153427441943,-0.8437866336776528,-0.8437866336776528,-0.8437866336776528,0.06606398789721987,-0.21354628503780418,0.2058691243647313,32.749352,-87.951164,1.408080631685196
boli,09,-1.6260548427329224,-0.4391034174468653,0.6159645161407411,1.0027424725932663,-0.7170967318875837,-0.6788780828991204,1,1,1,-0.4176666513172512,-0.719153427441943,-0.11617987519255944,-0.8437866336776528,-0.8437866336776528,-0.8437866336776528,0.41557682906599963,-1.017425819725998,0.4854793972997553,32.739534,-87.941909,1.1321095706319426
boli,10,-1.6260548427329224,-0.4391034174468653,0.6159645161407411,1.2575334658496886,-1.0101063741324694,-0.9846272748068271,0,0,0,0.788280453181516,-0.719153427441943,-0.11617987519255944,-0.8437866336776528,-0.8437866336776528,-0.8437866336776528,1.1146025114035591,-0.5980104103234625,0.1010152720140971,32.742559,-87.931333,-0.1444897558078481
boli,11,-1.6260548427329224,-0.4391034174468653,0.6159645161407411,1.525064008768932,-1.315855566040176,-1.2903764667145339,0,0,0,-0.4176666513172512,-0.4176666513172512,-0.11617987519255944,0.3885039407260104,-0.8437866336776528,-0.8437866336776528,1.0446999431698034,-0.9824745356091195,-0.10869243268717001,32.745877,-87.920914,-0.9981557983709713
boli,12,-1.6260548427329224,-0.4391034174468653,0.6159645161407411,1.7925945516881754,-1.5961256586222405,-1.5706465592965984,1,0,0,-0.719153427441943,-0.719153427441943,-0.4176666513172512,-0.8437866336776528,-0.8437866336776528,-0.07360502467536333,1.7087743413904846,-0.3533514215053156,-0.24849756915468266,32.745757,-87.911185,-1.1566373013275137
demo,01,-0.5709869091453161,0.4840810244422903,1.6710324497283475,-1.5069488109824927,1.6269804060715007,1.512324459106111,1,0,0,-0.719153427441943,0.18530690093213234,-0.4176666513172512,-0.8437866336776528,1.3127218715287576,0.08043129712509453,-0.4582052738559498,0.9398460908191693,2.3728487396111655,32.533793,-87.897776,1.5458308181036975
demo,02,-0.5709869091453161,0.4840810244422903,1.6710324497283475,-1.2266787184004282,1.308491664500973,1.2320543665240464,0,1,0,-0.719153427441943,-0.4176666513172512,-0.4176666513172512,-0.8437866336776528,-0.8437866336776528,-0.8437866336776528,-0.21354628503780418,0.5204306814166338,1.8136281937411187,32.540915,-87.891989,1.9237421611629655
demo,03,-0.5709869091453161,0.4840810244422903,1.6710324497283475,-0.9464086258183637,1.0282215719189085,0.964523823604803,0,0,0,-0.719153427441943,-0.719153427441943,-0.4176666513172512,-0.07360502467536333,-0.22764134647582118,-0.8437866336776528,-0.7727668309078523,0.41557682906599963,1.8835307619748745,32.547404,-87.900795,0.8535756632973553
demo,04,-0.5709869091453161,0.4840810244422903,1.6710324497283475,-0.6661385332362993,0.7479514793368441,0.6842537310227386,0,0,0,-0.4176666513172512,-0.719153427441943,-0.11617987519255944,-0.8437866336776528,0.08043129712509453,-0.22764134647582118,-0.5281078420897055,-0.07374114857029278,1.568969204922973,32.54893,-87.91254,0.8435345451850607
demo,05,-0.5709869091453161,0.4840810244422903,1.6710324497283475,-0.3731288909914137,0.45494183709195857,0.4039836384406741,1,0,0,0.788280453181516,0.48679367705682414,-0.4176666513172512,1.0046492279278418,0.6965765843269262,1.0046492279278418,-0.842669399141608,-0.4582052738559498,1.2544076478710706,32.552723,-87.925875,1.1020134458645006
demo,06,-0.5709869091453161,0.4840810244422903,1.6710324497283475,-0.10559834807217038,0.1874112941727152,0.12371354585860964,1,1,1,-0.719153427441943,0.18530690093213234,-0.4176666513172512,-0.8437866336776528,1.4667581933292155,-0.8437866336776528,-0.4232539897390725,-0.5281078420897055,1.3592615002217048,32.544075,-87.925953,2.348293850541145
demo,07,-0.5709869091453161,0.4840810244422903,1.6710324497283475,0.1874112941727152,-0.09285879840934927,-0.15655654672345481,0,1,0,0.18530690093213234,-0.4176666513172512,0.18530690093213234,-0.8437866336776528,-0.38167766827627914,-0.8437866336776528,-0.038789864453414306,-0.2834488532715599,1.5340179208060947,32.534939,-87.925592,1.7194325025245718
demo,08,-0.5709869091453161,0.4840810244422903,1.6710324497283475,0.4931604860804219,-0.41134753997987705,-0.4495661889683404,0,0,1,-0.11617987519255944,-0.11617987519255944,0.788280453181516,-0.38167766827627914,-0.07360502467536333,-0.8437866336776528,0.45052811318287683,-0.7727668309078523,0.9048948067022908,32.558414,-87.933809,1.1053700518340732
demo,09,-0.5709869091453161,0.4840810244422903,1.6710324497283475,0.7861701283253074,-0.7170967318875837,-0.742575831213226,0,0,0,-0.4176666513172512,-0.719153427441943,0.18530690093213234,-0.8437866336776528,-0.8437866336776528,-0.07360502467536333,0.8000409543516566,-0.7727668309078523,0.5903332496503895,32.55875,-87.946602,1.984096801142204
demo,10,-0.5709869091453161,0.4840810244422903,1.6710324497283475,1.0919193202330142,-0.9973668244696482,-1.0101063741324694,0,0,0,-0.4176666513172512,-0.719153427441943,0.788280453181516,0.08043129712509453,-0.8437866336776528,-0.8437866336776528,0.1010152720140971,-0.3533514215053156,0.8000409543516566,32.549636,-87.952595,1.1598430613223047
demo,11,-0.5709869091453161,0.4840810244422903,1.6710324497283475,1.3849289624778998,-1.2903764667145339,-1.2776369170517128,0,0,0,-0.719153427441943,-0.4176666513172512,-0.4176666513172512,-0.8437866336776528,-0.8437866336776528,-0.8437866336776528,1.1146025114035591,-0.21354628503780418,0.6602358178841452,32.544364,-87.962269,0.7540742164221431
demo,12,-0.5709869091453161,0.4840810244422903,1.6710324497283475,1.6524595053971431,-1.5706465592965984,-1.5833861089594194,1,0,0,-0.4176666513172512,-0.719153427441943,0.18530690093213234,-0.07360502467536333,-0.8437866336776528,-0.8437866336776528,0.8000409543516566,-0.38830270562219404,0.7301383861179009,32.54578,-87.973072,0.2809981892388238
fork,01,-1.691996588582148,-0.5050451632960907,1.3413237204822204,-1.3285951157029972,1.72889680337407,0.22562994316117854,1,1,1,-0.719153427441943,-0.4176666513172512,-0.719153427441943,-0.8437866336776528,-0.8437866336776528,-0.8437866336776528,-1.786354070297313,1.1495537955204365,0.38062554494912115,32.66535532,-87.90079116,0.7882190378615894
fork,02,-1.691996588582148,-0.5050451632960907,1.3413237204822204,-1.0228459237952905,1.423147611466363,0.4931604860804219,1,1,1,1.3912540054308995,1.0897672293062077,1.3912540054308995,-0.8437866336776528,-0.07360502467536333,-0.22764134647582118,-1.4018899450116549,0.41557682906599963,0.5903332496503895,32.668721,-87.910373,1.078917462095144
fork,03,-1.691996588582148,-0.5050451632960907,0.8137897536884172,-0.7170967318875837,1.1428775188842986,0.5823373337201697,0,0,0,0.48679367705682414,1.0897672293062077,-0.11617987519255944,-0.8437866336776528,-0.8437866336776528,1.6207945151296739,-1.8213053544141915,0.5903332496503895,0.8000409543516566,32.672118,-87.920355,-0.6324967772062955
fork,04,-1.691996588582148,-0.5050451632960907,0.8137897536884172,-0.4240870896426982,0.6587746316970964,0.3020672411381052,1,1,0,0.788280453181516,1.3912540054308995,0.18530690093213234,-0.8437866336776528,-0.07360502467536333,0.5425402625264683,-1.5416950814791675,0.555381965533511,0.8349922384685351,32.677915,-87.928543,0.13814077244137307
fork,05,-1.691996588582148,-0.5050451632960907,0.8137897536884172,-0.14381699706063372,0.36576498945221075,0.02179714855604074,1,1,1,1.0897672293062077,1.3912540054308995,1.0897672293062077,-0.8437866336776528,-0.8437866336776528,-0.22764134647582118,-2.1009156273492144,0.6951871020010237,0.8349922384685351,32.686164,-87.933205,-0.3219210269497257
fork,06,-1.691996588582148,-0.5050451632960907,0.8137897536884172,0.13645309552143076,0.09823444653296741,-0.2712124936888448,1,1,1,0.788280453181516,1.3912540054308995,0.18530690093213234,-0.8437866336776528,-0.8437866336776528,1.0046492279278418,-1.8213053544141915,0.45052811318287683,0.555381965533511,32.692925,-87.940915,1.8584889198140662
fork,07,-1.691996588582148,-0.5050451632960907,0.8137897536884172,0.41672318810349523,-0.16929609638627593,-0.6024407849221938,1,1,1,1.6927407815555913,1.0897672293062077,1.994227557680283,-0.8437866336776528,-0.8437866336776528,2.0829034805310473,-1.3669386608947776,0.1010152720140971,0.6951871020010237,32.698952,-87.949431,0.5772696195615696
fork,08,-1.691996588582148,-0.5050451632960907,0.8137897536884172,0.7224723800112018,-0.4495661889683404,-0.8827108775042583,1,1,1,1.6927407815555913,0.48679367705682414,0.788280453181516,-0.8437866336776528,-0.8437866336776528,0.6965765843269262,-0.9824745356091195,0.06606398789721987,0.555381965533511,32.704913,-87.957869,0.366155161945711
fork,09,-1.691996588582148,-0.5050451632960907,0.8137897536884172,1.0282215719189085,-0.742575831213226,-1.188460069411965,1,1,1,0.788280453181516,1.6927407815555913,0.18530690093213234,-0.8437866336776528,-0.8437866336776528,-0.22764134647582118,0.275771692598487,0.38062554494912115,0.8000409543516566,32.710879,-87.966302,0.8395778909548065
fork,10,-1.691996588582148,-0.5050451632960907,0.8137897536884172,1.295752114838152,-1.0228459237952905,-1.4942092613196716,1,1,1,1.0897672293062077,1.0897672293062077,-0.4176666513172512,-0.8437866336776528,-0.8437866336776528,0.6965765843269262,1.3942127843385832,0.38062554494912115,0.5903332496503895,32.716779,-87.974581,1.059854175136568
fork,11,-1.691996588582148,-0.5050451632960907,0.7478480078391918,1.5505431080945742,-1.3285951157029972,-0.2584729440260237,1,1,0,0.18530690093213234,-0.11617987519255944,0.788280453181516,-0.8437866336776528,-0.8437866336776528,-0.8437866336776528,0.555381965533511,0.17091784024785403,0.1010152720140971,32.722557,-87.982766,1.0646724468675757
fork,12,-1.691996588582148,-0.5050451632960907,0.7478480078391918,1.8180736510138178,-1.6216047579478827,-1.1120227714350381,0,0,0,0.788280453181516,-0.4176666513172512,-0.11617987519255944,-0.8437866336776528,-0.8437866336776528,-0.07360502467536333,0.9398460908191693,0.06606398789721987,-0.49315655797282826,32.728869,-87.99157,-0.01853442685352953
fox,05,-1.362287859336021,0.28625578689461406,1.605090703879122,1.7671154523625332,-1.6343443076107036,-1.5706465592965984,0,0,0,-0.719153427441943,-0.4176666513172512,-0.719153427441943,0.3885039407260104,-0.8437866336776528,-0.8437866336776528,1.8136281937411187,-0.14364371680404847,0.5204306814166338,33.213694,-88.390915,-0.6098940462174142
fox,06,-1.362287859336021,0.28625578689461406,1.605090703879122,1.4741058101176474,-1.3285951157029972,-1.2903764667145339,1,0,0,-0.11617987519255944,-0.719153427441943,-0.719153427441943,0.3885039407260104,-0.8437866336776528,-0.38167766827627914,1.6388717731567288,0.2058691243647313,0.4854793972997553,33.213667,-88.379961,-0.12353287823211503
fox,07,-1.362287859336021,0.28625578689461406,1.605090703879122,1.1810961678727618,-1.0355854734581116,-0.9973668244696482,1,1,0,-0.4176666513172512,-0.4176666513172512,-0.4176666513172512,3.1611577331342526,-0.8437866336776528,-0.8437866336776528,0.9747973749360465,0.24082040848160974,0.555381965533511,33.213749,-88.369094,-0.35712005995246937
fox,08,-1.362287859336021,0.28625578689461406,1.605090703879122,0.8753469759650553,-0.7298362815504048,-0.7170967318875837,0,1,1,-0.719153427441943,-0.719153427441943,-0.719153427441943,0.08043129712509453,-0.8437866336776528,-0.8437866336776528,0.8000409543516566,0.3107229767153655,0.8000409543516566,33.204701,-88.366988,-0.09579539040500099
fox,09,-1.362287859336021,0.28625578689461406,1.605090703879122,0.6078164330458119,-0.4368266393055193,-0.4368266393055193,1,1,1,-0.4176666513172512,-0.4176666513172512,-0.719153427441943,0.5425402625264683,0.08043129712509453,0.2344676189255524,0.4854793972997553,0.1010152720140971,0.5903332496503895,33.194499,-88.366791,0.32003585134261714
fox,10,-1.362287859336021,0.28625578689461406,1.605090703879122,0.3020672411381052,-0.15655654672345481,-0.14381699706063372,1,0,0,-0.719153427441943,-0.719153427441943,-0.719153427441943,-0.8437866336776528,-0.22764134647582118,-0.8437866336776528,0.38062554494912115,0.06606398789721987,0.8699435225854135,33.185893,-88.371225,1.1664847531491749
fox,11,-1.362287859336021,0.28625578689461406,1.605090703879122,0.03453669821886185,0.14919264518425185,0.13645309552143076,0,0,0,-0.11617987519255944,-0.719153427441943,-0.4176666513172512,-0.8437866336776528,-0.8437866336776528,-0.8437866336776528,-0.3533514215053156,0.45052811318287683,1.0796512272866807,33.176581,-88.371297,1.5586789991901044
fox,12,-1.362287859336021,0.28625578689461406,1.605090703879122,-0.3221706923401293,0.4294627377663163,0.41672318810349523,0,0,0,-0.719153427441943,-0.4176666513172512,-0.719153427441943,-0.07360502467536333,0.08043129712509453,0.8506129061273842,-0.038789864453414306,1.009748659052925,1.2544076478710706,33.167304,-88.371176,-0.013894205181148204
fox,13,-1.362287859336021,0.28625578689461406,1.605090703879122,-0.6151803345850149,0.7224723800112018,0.6969932806855597,0,0,0,-0.719153427441943,-0.4176666513172512,-0.719153427441943,0.2344676189255524,0.8506129061273842,1.774830836930131,-0.5281078420897055,0.7650896702347794,1.3243102161048264,33.158144,-88.371379,-0.8292964092257623
fox,14,-1.362287859336021,0.28625578689461406,1.605090703879122,-0.9081899768299004,1.0282215719189085,0.964523823604803,1,0,0,0.18530690093213234,0.48679367705682414,-0.11617987519255944,-0.8437866336776528,0.2344676189255524,0.3885039407260104,-0.49315655797282826,1.0446999431698034,1.6388717731567288,33.148709,-88.370454,-1.0436263020827719
fox,15,-1.362287859336021,0.28625578689461406,1.605090703879122,-1.2648973673888915,1.308491664500973,1.2575334658496886,0,0,0,-0.4176666513172512,1.6927407815555913,-0.11617987519255944,1.1586855497283,0.8506129061273842,1.3127218715287576,-0.7028642626740954,1.2544076478710706,1.8485794778579958,33.147522,-88.358478,-1.076209941742914
fox,16,-1.362287859336021,0.28625578689461406,1.605090703879122,-1.545167459970956,1.5760222074202164,1.525064008768932,0,0,0,-0.4176666513172512,1.3912540054308995,-0.11617987519255944,1.774830836930131,-0.07360502467536333,1.3127218715287576,-0.49315655797282826,1.4291640684554605,2.30294617137741,33.147626,-88.347817,-1.3242728246243558
lewi,01,-0.702870400843767,0.15437229519616327,0.945673245386868,-1.6343443076107036,-0.8954504271670793,-1.5069488109824927,1,1,1,-0.719153427441943,-0.719153427441943,-0.719153427441943,-0.8437866336776528,-0.07360502467536333,-0.8437866336776528,0.275771692598487,-0.10869243268717001,0.6252845337672668,32.60594337,-87.53098447,0.4067845504310777
lewi,02,-0.702870400843767,0.15437229519616327,0.945673245386868,-1.2394182680632493,-0.5897012352593727,-1.1757205197491438,0,0,0,0.48679367705682414,0.48679367705682414,-0.4176666513172512,-0.8437866336776528,-0.8437866336776528,-0.8437866336776528,-0.17859500092092573,0.3456742608322439,0.8349922384685351,32.582875,-87.525825,0.8391577032339482
lewi,03,-0.702870400843767,0.15437229519616327,0.945673245386868,-0.8062735795273316,-0.28395204335166596,-0.8954504271670793,0,0,0,0.18530690093213234,0.48679367705682414,-0.11617987519255944,-0.07360502467536333,0.2344676189255524,1.3127218715287576,-0.14364371680404847,0.17091784024785403,0.41557682906599963,32.583008,-87.515114,-0.8739620194369588
lewi,04,-0.702870400843767,0.15437229519616327,0.945673245386868,-0.5005243876196248,-0.0036819507696014826,-0.6151803345850149,0,1,0,0.18530690093213234,-0.11617987519255944,-0.719153427441943,-0.8437866336776528,0.2344676189255524,0.5425402625264683,0.13596655613097558,0.5204306814166338,0.38062554494912115,32.582941,-87.503589,0.7666169470259099
lewi,05,-0.702870400843767,0.15437229519616327,0.945673245386868,-0.2329938447003815,0.276588141812463,-0.05464014942088593,1,1,1,0.18530690093213234,0.18530690093213234,-0.4176666513172512,-0.8437866336776528,-0.07360502467536333,0.08043129712509453,0.06606398789721987,0.5204306814166338,0.5204306814166338,32.582949,-87.492364,0.6137536930224483
lewi,06,-0.702870400843767,0.35219753274383947,0.945673245386868,0.060015797544504076,-1.5196883606453138,0.21289039349835742,1,1,0,-0.11617987519255944,0.788280453181516,1.0897672293062077,-0.8437866336776528,-0.8437866336776528,-0.8437866336776528,-0.07374114857029278,-0.31840013738843836,0.8699435225854135,32.583042,-87.481107,0.8458267127912437
lewi,07,-0.702870400843767,0.35219753274383947,0.945673245386868,0.3785045391150319,-1.2266787184004282,0.505900035743243,0,0,1,-0.719153427441943,-0.719153427441943,-0.719153427441943,0.2344676189255524,-0.8437866336776528,-0.07360502467536333,-0.21354628503780418,0.4854793972997553,0.3456742608322439,32.583594,-87.470462,-0.3109010861351318
lewi,08,-0.702870400843767,0.35219753274383947,0.945673245386868,0.6715141813599175,-0.9336690761555426,0.7989096779881286,0,0,0,-0.11617987519255944,-0.4176666513172512,0.18530690093213234,0.3885039407260104,-0.8437866336776528,-0.38167766827627914,-0.14364371680404847,0.6602358178841452,0.7301383861179009,32.589492,-87.462052,-1.0957458268502815
lewi,09,-0.702870400843767,0.35219753274383947,0.945673245386868,0.9772633732676241,-0.640659433910657,1.1046588698958353,0,0,0,-0.11617987519255944,0.18530690093213234,-0.4176666513172512,0.8506129061273842,-0.8437866336776528,0.8506129061273842,-0.14364371680404847,0.555381965533511,0.5903332496503895,32.594843,-87.452906,-0.5547949414229351
lewi,10,-0.702870400843767,0.35219753274383947,0.945673245386868,1.2447939161868675,-0.3476497916657715,1.3721894128150787,0,0,0,-0.4176666513172512,-0.11617987519255944,-0.11617987519255944,0.2344676189255524,0.08043129712509453,1.9288671587305892,0.9398460908191693,0.45052811318287683,0.8000409543516566,32.595412,-87.442316,-1.2737698749354962
lewi,11,-0.702870400843767,0.35219753274383947,0.945673245386868,1.5760222074202164,0.009057598893219629,1.6651990550599645,0,0,0,0.18530690093213234,-0.4176666513172512,-0.4176666513172512,0.3885039407260104,-0.8437866336776528,2.0829034805310473,0.06606398789721987,1.1495537955204365,0.6602358178841452,32.607157,-87.436358,-0.8115689422165634
lewi,12,-0.702870400843767,0.35219753274383947,0.945673245386868,1.8180736510138178,0.31480679080092633,1.95820869730485,0,0,0,0.18530690093213234,-0.4176666513172512,0.18530690093213234,-0.8437866336776528,-0.8437866336776528,0.8506129061273842,0.555381965533511,1.289358931987949,1.1146025114035591,32.608925,-87.425153,-0.21280866525203107
mari,06,-1.4941713510344719,0.08843054934693786,1.0116149912360934,1.7798550020253543,-1.5324279103081349,-1.545167459970956,0,1,0,5.913555647301277,-0.4176666513172512,0.18530690093213234,0.08043129712509453,-0.8437866336776528,0.2344676189255524,1.4291640684554605,-0.49315655797282826,-0.10869243268717001,32.572062,-87.294879,1.3579370053889441
mari,07,-1.4941713510344719,0.08843054934693786,1.0116149912360934,1.512324459106111,-1.2521578177260704,-1.2648973673888915,0,1,1,2.597201109929667,-0.719153427441943,0.18530690093213234,-0.22764134647582118,-0.8437866336776528,-0.8437866336776528,1.6388717731567288,-0.9125719673753637,0.3107229767153655,32.56598,-87.286707,1.5883502454959812
mari,08,-1.4941713510344719,0.08843054934693786,1.0116149912360934,1.193835717535583,-0.971887725144006,-0.9464086258183637,0,1,1,7.722476304049428,-0.11617987519255944,-0.11617987519255944,1.4667581933292155,-0.8437866336776528,0.08043129712509453,0.9048948067022908,-0.9125719673753637,-0.49315655797282826,32.559271,-87.279551,0.037133344079920284
mari,09,-1.4941713510344719,0.08843054934693786,1.0116149912360934,0.8753469759650553,-0.6916176325619415,-0.640659433910657,0,0,0,5.612068871176585,2.295714333804975,-0.11617987519255944,1.3127218715287576,-0.8437866336776528,-0.8437866336776528,0.6602358178841452,-0.4232539897390725,0.1010152720140971,32.55209,-87.272188,1.1937555411602834
mari,10,-1.4941713510344719,0.08843054934693786,1.0116149912360934,0.5313791350688852,-0.41134753997987705,-0.3603893413285926,0,0,0,3.803148214428434,-0.11617987519255944,0.18530690093213234,-0.22764134647582118,-0.8437866336776528,-0.38167766827627914,0.41557682906599963,-1.0873283879597535,-0.14364371680404847,32.543803,-87.266332,1.4764161571887502
mari,11,-1.4941713510344719,0.08843054934693786,1.0116149912360934,0.25110904248682075,-0.15655654672345481,-0.08011924874652815,0,0,0,4.707608542802509,0.788280453181516,0.788280453181516,3.0071214113337947,0.2344676189255524,1.3127218715287576,-0.10869243268717001,-0.10869243268717001,-0.21354628503780418,32.535126,-87.263273,-0.8271455219957952
mari,12,-1.4941713510344719,0.08843054934693786,1.0116149912360934,-0.05464014942088593,0.14919264518425185,0.23836949282399963,0,0,0,5.009095318927201,0.48679367705682414,1.6927407815555913,1.1586855497283,0.3885039407260104,1.774830836930131,-0.2834488532715599,0.2058691243647313,-0.38830270562219404,32.526116,-87.260237,-1.2884484804537357
mari,13,-1.4941713510344719,0.08843054934693786,1.0116149912360934,-0.3603893413285926,0.4422022874291374,0.5441186847317063,0,0,0,1.994227557680283,0.18530690093213234,0.48679367705682414,3.1611577331342526,0.5425402625264683,3.0071214113337947,-0.4232539897390725,0.3107229767153655,-0.24849756915468266,32.508683,-87.249901,-0.37729650430894335
mari,14,-1.4941713510344719,0.08843054934693786,1.0116149912360934,-0.6533989835734781,0.7224723800112018,0.8243887773137708,1,1,1,2.597201109929667,0.788280453181516,0.48679367705682414,-0.8437866336776528,-0.38167766827627914,-0.07360502467536333,-0.17859500092092573,1.2194563637541933,0.06606398789721987,32.501489,-87.242793,0.43555387566439907
mari,15,-1.4941713510344719,0.08843054934693786,1.0116149912360934,-0.9464086258183637,1.0027424725932663,1.0919193202330142,0,0,0,0.788280453181516,0.18530690093213234,1.6927407815555913,-0.8437866336776528,1.4667581933292155,1.1586855497283,-0.21354628503780418,0.9398460908191693,-0.0038385803365358364,32.492389,-87.239993,-1.2370501690722464
mari,16,-1.4941713510344719,0.08843054934693786,1.0116149912360934,-1.2394182680632493,1.2575334658496886,1.3976685121407209,0,0,0,1.3912540054308995,1.0897672293062077,2.295714333804975,-0.8437866336776528,-0.07360502467536333,-0.22764134647582118,-0.5281078420897055,1.3592615002217048,0.275771692598487,32.483774,-87.234295,-0.9803286250810418
mari,17,-1.4941713510344719,0.08843054934693786,1.0116149912360934,-1.545167459970956,1.5760222074202164,1.7034177040484277,0,0,0,1.3912540054308995,2.295714333804975,3.501661438303742,-0.8437866336776528,0.6965765843269262,1.9288671587305892,-0.7028642626740954,1.7087743413904846,1.1146025114035591,32.475282,-87.228892,-0.6099037503449504
prai,01,-1.5601130968836971,-0.10939468820073835,1.275381974632995,-1.545167459970956,1.308491664500973,-1.4687301619940294,0,0,1,-0.719153427441943,1.0897672293062077,-0.11617987519255944,-0.8437866336776528,1.1586855497283,-0.22764134647582118,-0.7028642626740954,-0.3533514215053156,0.41557682906599963,32.56095151,-87.64941121,-1.2886806397103037
prai,02,-1.5601130968836971,-0.24127817989918915,1.275381974632995,-1.2394182680632493,1.8053341013509967,-1.201199619074786,0,0,0,0.18530690093213234,0.48679367705682414,-0.4176666513172512,-0.8437866336776528,0.3885039407260104,-0.38167766827627914,-1.4368412291285333,1.6388717731567288,0.45052811318287683,32.561028,-87.660613,-1.3347540098188833
prai,03,-1.5601130968836971,-0.24127817989918915,1.275381974632995,-0.9209295264927215,1.537803558431753,-0.8444922285157949,0,0,0,-0.11617987519255944,0.18530690093213234,-0.11617987519255944,-0.8437866336776528,0.5425402625264683,-0.38167766827627914,-1.1572309561935092,0.7650896702347794,0.7650896702347794,32.56102,-87.671315,-1.2274390556659636
prai,04,-1.5601130968836971,-0.24127817989918915,1.275381974632995,-0.5897012352593727,1.1810961678727618,-0.39860799031705596,0,0,0,-0.11617987519255944,-0.719153427441943,-0.719153427441943,-0.8437866336776528,-0.8437866336776528,1.0046492279278418,-1.2620848085441434,1.464115352572339,0.4854793972997553,32.531612,-87.697295,-0.17407009893140765
prai,05,-1.5601130968836971,-0.24127817989918915,1.275381974632995,-0.30943114267730815,0.8880865256278764,-0.10559834807217038,0,0,0,-0.719153427441943,-0.719153427441943,-0.11617987519255944,-0.22764134647582118,0.8506129061273842,1.3127218715287576,-1.2620848085441434,0.45052811318287683,0.2058691243647313,32.531715,-87.708069,-0.6153998917790428
prai,06,-1.5601130968836971,-0.24127817989918915,1.275381974632995,-0.029161050095243706,0.6078164330458119,0.1746717445098941,0,1,0,-0.719153427441943,-0.719153427441943,-0.4176666513172512,1.6207945151296739,-0.8437866336776528,1.9288671587305892,-0.9824745356091195,0.8000409543516566,0.3456742608322439,32.531762,-87.71889,-0.069089845455303
prai,07,-1.5601130968836971,-0.24127817989918915,1.275381974632995,0.25110904248682075,0.3275463404637474,0.46768138675477966,0,1,0,-0.4176666513172512,-0.719153427441943,-0.4176666513172512,-0.38167766827627914,-0.8437866336776528,-0.07360502467536333,-0.3533514215053156,0.7650896702347794,0.45052811318287683,32.53012,-87.728473,-0.27235066125987195
prai,08,-1.5601130968836971,-0.24127817989918915,1.3413237204822204,0.5313791350688852,0.02179714855604074,-0.3731288909914137,0,0,0,0.18530690093213234,-0.11617987519255944,-0.4176666513172512,3.0071214113337947,-0.8437866336776528,0.2344676189255524,-0.17859500092092573,0.3107229767153655,0.3107229767153655,32.521852,-87.732157,0.0605878598099808
prai,10,-1.5601130968836971,-0.24127817989918915,1.3413237204822204,0.8626074263022341,-0.3221706923401293,-0.7043571822247626,0,0,0,0.48679367705682414,-0.719153427441943,-0.11617987519255944,0.5425402625264683,0.5425402625264683,0.6965765843269262,0.1010152720140971,-0.038789864453414306,0.24082040848160974,32.50985,-87.698586,-0.6443266569711142
prai,11,-1.5601130968836971,-0.24127817989918915,1.3413237204822204,1.1428775188842986,-0.6151803345850149,-0.9846272748068271,0,0,0,1.3912540054308995,0.48679367705682414,-0.11617987519255944,0.5425402625264683,-0.22764134647582118,-0.07360502467536333,0.41557682906599963,-0.10869243268717001,0.13596655613097558,32.509763,-87.686784,0.07498986207584936
prai,12,-1.5601130968836971,-0.24127817989918915,1.3413237204822204,1.4486267107920052,-0.9209295264927215,-1.2648973673888915,0,0,0,-0.4176666513172512,0.18530690093213234,0.48679367705682414,3.6232666985356263,-0.07360502467536333,0.5425402625264683,1.1495537955204365,0.1010152720140971,0.2058691243647313,32.509752,-87.676096,-0.7367088466970995
prai,13,-1.5601130968836971,-0.24127817989918915,1.3413237204822204,1.72889680337407,-1.4050324136799237,-1.5324279103081349,0,0,0,0.48679367705682414,-0.11617987519255944,-0.4176666513172512,4.0853756639370005,0.2344676189255524,1.3127218715287576,1.8485794778579958,-0.14364371680404847,0.13596655613097558,32.509774,-87.665081,-1.0721443028738595
pris,01,-1.0985208759391194,-0.10939468820073835,1.2094402287837696,-1.4432510626683872,0.9008260752906975,-1.545167459970956,0,0,0,-0.719153427441943,-0.719153427441943,-0.719153427441943,-0.22764134647582118,1.6207945151296739,-0.8437866336776528,-1.1572309561935092,-0.7378155467909738,-0.10869243268717001,32.62842,-87.689257,-0.7880220273269717
pris,02,-1.0985208759391194,-0.10939468820073835,1.2094402287837696,-1.1757205197491438,0.6078164330458119,-1.2521578177260704,1,0,1,-0.719153427441943,-0.719153427441943,-0.719153427441943,0.5425402625264683,0.5425402625264683,-0.8437866336776528,-1.1572309561935092,-0.2834488532715599,-0.9475232514922421,32.630531,-87.700164,-0.8799070333068205
pris,03,-1.0985208759391194,-0.10939468820073835,1.2094402287837696,-0.7680549305388682,0.31480679080092633,-0.869971327841437,1,1,1,-0.719153427441943,-0.4176666513172512,-0.719153427441943,-0.8437866336776528,-0.07360502467536333,-0.38167766827627914,-1.052377103842875,-1.017425819725998,-1.0873283879597535,32.645393,-87.705609,-0.4613573524070828
pris,04,-1.0985208759391194,-0.10939468820073835,1.2094402287837696,-0.4877848379568037,0.03453669821886185,-0.5260034869452671,1,0,1,-0.719153427441943,-0.719153427441943,-0.719153427441943,0.8506129061273842,0.3885039407260104,-0.07360502467536333,-1.052377103842875,-1.5416950814791675,-0.7727668309078523,32.650235,-87.715595,-0.8700021236332616
pris,05,-1.0985208759391194,-0.10939468820073835,1.2094402287837696,-0.029161050095243706,-0.3349102420029504,-0.09285879840934927,0,0,0,-0.719153427441943,-0.719153427441943,-0.719153427441943,0.2344676189255524,1.3127218715287576,1.3127218715287576,-1.1921822403103877,-2.1009156273492144,-0.4582052738559498,32.656306,-87.708195,-1.212041131568846
pris,06,-1.0985208759391194,-0.10939468820073835,1.2094402287837696,0.31480679080092633,-0.7170967318875837,0.276588141812463,0,0,0,-0.719153427441943,-0.719153427441943,-0.719153427441943,1.4667581933292155,-0.8437866336776528,0.2344676189255524,-1.052377103842875,-2.345574616167361,0.06606398789721987,32.655819,-87.69713,-1.0246535239324057
pris,07,-1.0985208759391194,-0.10939468820073835,1.2094402287837696,0.6078164330458119,-0.9973668244696482,0.5823373337201697,0,0,0,-0.719153427441943,-0.719153427441943,-0.719153427441943,4.0853756639370005,0.2344676189255524,0.8506129061273842,-0.8776206832584852,-2.6950874573361405,0.41557682906599963,32.647203,-87.693842,-0.7747503485633797
pris,08,-1.0985208759391194,-0.10939468820073835,1.2094402287837696,0.8880865256278764,-1.303116016377355,0.9008260752906975,0,0,0,-0.719153427441943,-0.719153427441943,-0.719153427441943,5.317666238340663,0.08043129712509453,1.0046492279278418,-0.8077181150247296,-2.3805259002842383,0.7650896702347794,32.638146,-87.693334,-0.9894165307873662
pris,09,-1.0985208759391194,-0.10939468820073835,1.2094402287837696,1.2065752671984042,-1.6088652082850616,1.2702730155125097,0,1,1,-0.719153427441943,-0.719153427441943,-0.719153427441943,4.393448307537915,-0.8437866336776528,0.2344676189255524,-1.4368412291285333,-2.2407207638167272,1.6039204890398504,32.633509,-87.683261,-0.5004703041195624
rose,01,-0.9666373842406686,-0.37316167159763997,0.5500227702915157,-1.5324279103081349,1.1046588698958353,1.1556170685471197,0,0,0,-0.719153427441943,-0.719153427441943,-0.4176666513172512,-0.8437866336776528,-0.38167766827627914,-0.22764134647582118,-2.9746977302711644,0.9048948067022908,0.9398460908191693,32.615788,-87.560047,-0.713883098816772
rose,02,-0.9666373842406686,-0.37316167159763997,0.5500227702915157,-1.2521578177260704,0.8116492276509497,0.8753469759650553,0,0,0,0.48679367705682414,0.18530690093213234,-0.4176666513172512,-0.8437866336776528,1.1586855497283,-0.07360502467536333,-2.555282320868628,0.2058691243647313,0.8349922384685351,32.625049,-87.56154,-0.7240354415756017
rose,03,-0.9666373842406686,-0.37316167159763997,0.5500227702915157,-0.9591481754811849,0.5186395854060641,0.5950768833829908,0,0,0,-0.11617987519255944,-0.4176666513172512,-0.4176666513172512,0.08043129712509453,1.4667581933292155,-0.38167766827627914,-2.6601361732192625,0.275771692598487,0.8000409543516566,32.634273,-87.562763,-1.1119083058920243
rose,04,-0.9666373842406686,-0.37316167159763997,0.5500227702915157,-0.6661385332362993,0.25110904248682075,0.31480679080092633,1,0,0,0.48679367705682414,-0.4176666513172512,-0.4176666513172512,0.08043129712509453,-0.8437866336776528,1.774830836930131,-2.2756720479336043,0.7301383861179009,0.555381965533511,32.643548,-87.56486,-1.1532438696818286
rose,05,-0.9666373842406686,-0.37316167159763997,0.5500227702915157,-0.3476497916657715,-0.05464014942088593,0.02179714855604074,0,0,0,1.3912540054308995,-0.719153427441943,-0.4176666513172512,-0.8437866336776528,-0.8437866336776528,0.3885039407260104,-2.0310130591154585,0.45052811318287683,0.555381965533511,32.652397,-87.566381,-0.8465789767928658
rose,06,-0.9666373842406686,-0.37316167159763997,0.5500227702915157,-0.06737969908370704,-0.3349102420029504,-0.2712124936888448,0,0,0,0.18530690093213234,-0.719153427441943,-0.11617987519255944,-0.8437866336776528,-0.07360502467536333,0.2344676189255524,-1.9261592067648245,0.031112703780341394,0.555381965533511,32.661376,-87.566344,0.36129944119688784
rose,07,-0.9666373842406686,-0.37316167159763997,0.5500227702915157,0.22562994316117854,-0.6533989835734781,-0.5514825862709093,0,1,0,0.18530690093213234,-0.719153427441943,-0.4176666513172512,0.3885039407260104,0.2344676189255524,-0.8437866336776528,-1.4018899450116549,0.06606398789721987,0.6951871020010237,32.670532,-87.566435,-0.3021130072890422
rose,10,-0.9666373842406686,-0.37316167159763997,0.5500227702915157,0.6078164330458119,-1.0101063741324694,-0.9081899768299004,0,0,0,1.3912540054308995,2.597201109929667,1.0897672293062077,0.08043129712509453,-0.8437866336776528,-0.8437866336776528,-0.7028642626740954,-0.038789864453414306,0.5204306814166338,32.699755,-87.610176,1.2863426905545747
rose,11,-0.9666373842406686,-0.37316167159763997,0.5500227702915157,0.8880865256278764,-1.3285951157029972,-1.213939168737607,1,1,1,2.295714333804975,-0.4176666513172512,-0.11617987519255944,0.8506129061273842,-0.8437866336776528,-0.8437866336776528,-0.5980104103234625,0.17091784024785403,0.41557682906599963,32.699816,-87.622185,2.749146116481086
rose,12,-0.9666373842406686,-0.37316167159763997,0.5500227702915157,1.1683566182099407,-1.6343443076107036,-1.5196883606453138,0,0,0,1.0897672293062077,-0.719153427441943,-0.719153427441943,-0.8437866336776528,-0.8437866336776528,-0.8437866336776528,-0.2834488532715599,0.2058691243647313,0.8349922384685351,32.69981,-87.63336,1.3420775353558074
sawy,02,-0.6369286549945415,-0.04345294235151294,1.1434984829345443,-1.6598234069363458,1.537803558431753,-1.5961256586222405,0,0,0,-0.11617987519255944,-0.11617987519255944,0.18530690093213234,-0.22764134647582118,-0.38167766827627914,-0.07360502467536333,-0.5980104103234625,1.3243102161048264,-0.8776206832584852,32.665476,-87.703948,-1.2901830096290872
sawy,03,-0.6369286549945415,-0.04345294235151294,1.1434984829345443,-1.3668137646914604,1.2575334658496886,-1.303116016377355,0,0,0,-0.11617987519255944,-0.4176666513172512,0.18530690093213234,-0.22764134647582118,0.2344676189255524,-0.8437866336776528,-0.3533514215053156,0.3107229767153655,-0.8077181150247296,32.674736,-87.703967,-0.9995621229025672
sawy,04,-0.6369286549945415,-0.04345294235151294,1.1434984829345443,-1.086543672109396,0.9772633732676241,-1.0228459237952905,1,0,0,0.18530690093213234,0.788280453181516,1.6927407815555913,-0.8437866336776528,-0.22764134647582118,-0.8437866336776528,0.031112703780341394,-0.3533514215053156,-1.297036092661022,32.683386,-87.703938,-0.10275653145418574
sawy,05,-0.6369286549945415,-0.04345294235151294,1.1434984829345443,-0.7807944802016893,0.7097328303483807,-0.742575831213226,0,0,0,1.0897672293062077,-0.4176666513172512,-0.4176666513172512,-0.8437866336776528,-0.8437866336776528,-0.8437866336776528,-0.5630591262065839,-1.4018899450116549,-1.1222796720766322,32.692056,-87.708988,1.1596060256289227
sawy,06,-0.6369286549945415,-0.04345294235151294,1.1434984829345443,-0.5005243876196248,0.4039836384406741,-0.4240870896426982,0,0,0,-0.4176666513172512,-0.719153427441943,-0.11617987519255944,-0.8437866336776528,-0.38167766827627914,-0.8437866336776528,-0.5980104103234625,-1.506743797362289,-0.9824745356091195,32.702954,-87.71303,1.0675707583592111
sawy,07,-0.6369286549945415,-0.04345294235151294,1.1434984829345443,-0.2202542950375604,0.13645309552143076,-0.1310774473978126,0,0,0,-0.11617987519255944,-0.719153427441943,0.48679367705682414,-0.8437866336776528,-0.8437866336776528,-0.8437866336776528,-0.7028642626740954,-1.681500217946679,-1.052377103842875,32.712674,-87.712695,2.475938035687287
sawy,08,-0.6369286549945415,-0.04345294235151294,1.1434984829345443,0.07275534720732518,-0.15655654672345481,0.14919264518425185,1,1,1,-0.11617987519255944,1.994227557680283,0.48679367705682414,-0.38167766827627914,-0.8437866336776528,-0.8437866336776528,-0.49315655797282826,-2.3805259002842383,-0.6329616944403397,32.722097,-87.7126,3.030668855607266
sawy,09,-0.6369286549945415,-0.04345294235151294,1.1434984829345443,0.3402858901265685,-0.4240870896426982,0.4422022874291374,1,1,1,1.0897672293062077,1.0897672293062077,-0.11617987519255944,0.6965765843269262,-0.8437866336776528,0.3885039407260104,-0.5281078420897055,-2.415477184401117,-0.24849756915468266,32.731616,-87.714563,1.6607517755297752
sawy,10,-0.6369286549945415,-0.04345294235151294,1.1434984829345443,0.6587746316970964,-0.7170967318875837,0.735211929674023,0,1,0,0.18530690093213234,0.48679367705682414,0.788280453181516,-0.8437866336776528,-0.8437866336776528,-0.8437866336776528,0.031112703780341394,-2.5203310367517506,0.9747973749360465,32.741365,-87.718173,2.465966013038504
sawy,11,-0.6369286549945415,-0.04345294235151294,1.1434984829345443,0.964523823604803,-1.0483250231209327,1.053700671244551,1,1,1,3.2001746621790503,2.295714333804975,2.597201109929667,0.08043129712509453,-0.8437866336776528,-0.8437866336776528,-0.038789864453414306,-2.415477184401117,0.4854793972997553,32.749872,-87.738293,1.3938419051051698
sawy,12,-0.6369286549945415,-0.04345294235151294,1.1434984829345443,1.2702730155125097,-1.315855566040176,1.3594498631522576,0,0,0,-0.719153427441943,0.18530690093213234,1.0897672293062077,-0.38167766827627914,-0.8437866336776528,-0.8437866336776528,0.6951871020010237,-2.0310130591154585,0.41557682906599963,32.743906,-87.746652,0.32890842375052304
sawy,13,-0.6369286549945415,-0.04345294235151294,1.1434984829345443,1.5760222074202164,-1.6216047579478827,1.6906781543856066,0,1,0,0.18530690093213234,2.295714333804975,0.18530690093213234,-0.22764134647582118,-0.8437866336776528,0.6965765843269262,0.555381965533511,-2.5902336049855066,0.8699435225854135,32.736205,-87.754102,0.8309463397942916
sixt,01,-1.0325791300898939,-0.17533643404996374,1.077556737085319,-1.4942092613196716,1.6142408564086796,1.7671154523625332,0,0,0,-0.719153427441943,-0.4176666513172512,-0.4176666513172512,0.2344676189255524,0.08043129712509453,-0.22764134647582118,-3.498966992024334,0.38062554494912115,0.4854793972997553,32.615665,-87.637991,0.6776935040983846
sixt,02,-1.0325791300898939,-0.17533643404996374,1.077556737085319,-1.2266787184004282,1.321231214163794,1.4995849094432898,0,0,0,-0.719153427441943,-0.719153427441943,-0.719153427441943,-0.8437866336776528,-0.07360502467536333,-0.8437866336776528,-3.638772128491846,0.41557682906599963,0.38062554494912115,32.615466,-87.626647,0.3157680292540641
sixt,03,-1.0325791300898939,-0.17533643404996374,1.077556737085319,-0.9209295264927215,1.066440220907372,1.2065752671984042,0,0,0,-0.719153427441943,-0.4176666513172512,-0.4176666513172512,-0.38167766827627914,0.8506129061273842,0.08043129712509453,-3.1494541508555542,-0.038789864453414306,0.4854793972997553,32.613248,-87.616078,0.39678029289959343
sixt,04,-1.0325791300898939,-0.17533643404996374,1.077556737085319,-0.6024407849221938,0.7734305786624863,0.9008260752906975,0,0,0,-0.4176666513172512,-0.719153427441943,-0.4176666513172512,0.3885039407260104,0.3885039407260104,-0.8437866336776528,-3.498966992024334,-0.07374114857029278,0.4854793972997553,32.607895,-87.606905,-0.8941480987561884
sixt,05,-1.0325791300898939,-0.17533643404996374,1.077556737085319,-0.3221706923401293,0.505900035743243,0.5568582343945274,0,0,0,-0.4176666513172512,-0.4176666513172512,-0.719153427441943,0.5425402625264683,2.6990487677328785,0.6965765843269262,-3.1145028667386763,-0.10869243268717001,-0.4582052738559498,32.603493,-87.597279,-1.068422240388941
sixt,06,-1.0325791300898939,-0.17533643404996374,1.077556737085319,0.03453669821886185,0.1746717445098941,0.276588141812463,0,0,0,0.48679367705682414,-0.4176666513172512,0.48679367705682414,0.3885039407260104,1.3127218715287576,1.6207945151296739,-2.7999413096867745,-0.21354628503780418,-0.8077181150247296,32.600499,-87.586473,-1.1895729332691616
sixt,07,-1.0325791300898939,-0.17533643404996374,1.077556737085319,0.3020672411381052,-0.09285879840934927,-0.08011924874652815,0,0,0,-0.11617987519255944,0.18530690093213234,-0.11617987519255944,2.0829034805310473,1.9288671587305892,-0.22764134647582118,-2.6950874573361405,-0.5980104103234625,-1.052377103842875,32.600762,-87.575861,-1.2999807892868502
sixt,08,-1.0325791300898939,-0.17533643404996374,1.077556737085319,0.5950768833829908,-0.3731288909914137,-0.3731288909914137,1,1,0,0.788280453181516,0.48679367705682414,-0.4176666513172512,2.5450124459324215,1.0046492279278418,1.774830836930131,-2.4504284685179942,-0.49315655797282826,-1.4018899450116549,32.602424,-87.564755,-0.3812593415916969
sixt,09,-1.0325791300898939,-0.17533643404996374,1.077556737085319,0.9390447242791607,-0.627919884247836,-0.6533989835734781,0,0,0,0.48679367705682414,1.0897672293062077,0.18530690093213234,-0.22764134647582118,0.8506129061273842,-0.8437866336776528,-1.297036092661022,-0.6679129785572181,-1.4018899450116549,32.605848,-87.554712,0.5414602489458697
sixt,10,-1.0325791300898939,-0.17533643404996374,1.077556737085319,1.2193148168612253,-0.9081899768299004,-0.9209295264927215,0,0,0,0.788280453181516,-0.11617987519255944,-0.4176666513172512,2.6990487677328785,1.0046492279278418,-0.8437866336776528,-1.4368412291285333,-0.5980104103234625,-1.6465489338298016,32.604933,-87.544019,-0.3134095128241666
sixt,11,-1.0325791300898939,-0.17533643404996374,1.077556737085319,1.4995849094432898,-1.2394182680632493,-1.2648973673888915,0,0,0,1.0897672293062077,-0.719153427441943,-0.11617987519255944,0.08043129712509453,1.6207945151296739,-0.8437866336776528,-0.49315655797282826,-0.7378155467909738,-1.681500217946679,32.619118,-87.527873,-1.233301710266665
sixt,12,-1.0325791300898939,-0.17533643404996374,1.077556737085319,1.7798550020253543,-1.5324279103081349,-1.5833861089594194,0,1,1,1.6927407815555913,-0.4176666513172512,-0.11617987519255944,1.6207945151296739,0.3885039407260104,-0.8437866336776528,-1.4018899450116549,-0.4582052738559498,-1.1572309561935092,32.619201,-87.516698,0.6713600875074913
sumt,01,-1.2304043676375702,0.4181392785930649,1.407265466331446,-1.4942092613196716,1.5887617570830375,1.7161572537112488,0,0,0,-0.4176666513172512,0.48679367705682414,0.18530690093213234,-0.22764134647582118,0.08043129712509453,0.5425402625264683,-0.4582052738559498,0.3456742608322439,1.95343333020863,32.64231,-88.260884,-0.7075165177004359
sumt,02,-1.2304043676375702,0.4181392785930649,1.407265466331446,-1.213939168737607,1.2830125651753308,1.4486267107920052,0,0,0,-0.719153427441943,1.3912540054308995,-0.4176666513172512,-0.38167766827627914,-0.38167766827627914,1.4667581933292155,-0.4232539897390725,0.4854793972997553,1.3243102161048264,32.65183,-88.260979,-1.2910579361223724
sumt,03,-1.2304043676375702,0.4181392785930649,1.407265466331446,-0.8954504271670793,0.9772633732676241,1.1683566182099407,0,0,0,0.18530690093213234,0.48679367705682414,-0.11617987519255944,-0.22764134647582118,0.2344676189255524,-0.8437866336776528,-0.4582052738559498,-0.24849756915468266,1.1845050796373149,32.660935,-88.261047,-0.5598457892397
sumt,04,-1.2304043676375702,0.4181392785930649,1.407265466331446,-0.6151803345850149,0.7097328303483807,0.8753469759650553,0,0,0,0.18530690093213234,0.48679367705682414,-0.11617987519255944,0.6965765843269262,2.0829034805310473,0.5425402625264683,-0.31840013738843836,-0.038789864453414306,0.8699435225854135,32.671001,-88.26133,-1.1038077459730395
sumt,05,-1.2304043676375702,0.4181392785930649,1.407265466331446,-0.30943114267730815,0.41672318810349523,0.6078164330458119,0,0,0,-0.11617987519255944,-0.11617987519255944,-0.719153427441943,-0.8437866336776528,0.08043129712509453,-0.8437866336776528,-0.21354628503780418,-0.14364371680404847,0.9048948067022908,32.680401,-88.26139,-1.2317009955480185
sumt,06,-1.2304043676375702,0.4181392785930649,1.407265466331446,-0.041900599758064816,0.14919264518425185,0.23836949282399963,0,0,0,0.48679367705682414,1.3912540054308995,-0.4176666513172512,-0.22764134647582118,-0.8437866336776528,-0.38167766827627914,-0.10869243268717001,-0.21354628503780418,0.4854793972997553,32.689674,-88.263549,-0.9783710952552006
sumt,07,-1.2304043676375702,0.4181392785930649,1.407265466331446,0.25110904248682075,-0.14381699706063372,-0.041900599758064816,0,0,0,0.48679367705682414,-0.4176666513172512,-0.719153427441943,-0.07360502467536333,-0.07360502467536333,-0.07360502467536333,-0.10869243268717001,-0.4232539897390725,0.13596655613097558,32.698077,-88.267481,-0.6111568614949279
sumt,08,-1.2304043676375702,0.4181392785930649,1.407265466331446,0.5568582343945274,-0.4240870896426982,-0.3349102420029504,1,1,0,0.788280453181516,0.48679367705682414,-0.4176666513172512,-0.8437866336776528,-0.8437866336776528,0.5425402625264683,0.4854793972997553,-0.38830270562219404,-0.14364371680404847,32.706951,-88.27834,-0.4192468771741543
sumt,09,-1.2304043676375702,0.4181392785930649,1.407265466331446,0.8626074263022341,-0.7043571822247626,-0.640659433910657,0,1,1,-0.4176666513172512,-0.719153427441943,-0.4176666513172512,1.0046492279278418,-0.38167766827627914,0.6965765843269262,-0.2834488532715599,-0.5281078420897055,-0.2834488532715599,32.716006,-88.278666,-0.34676186986722946
sumt,10,-1.2304043676375702,0.4181392785930649,1.407265466331446,1.1428775188842986,-0.9973668244696482,-0.9081899768299004,1,1,0,-0.4176666513172512,-0.4176666513172512,-0.719153427441943,1.4667581933292155,0.3885039407260104,-0.8437866336776528,-0.24849756915468266,-0.4582052738559498,0.06606398789721987,32.725457,-88.278926,0.4463821032980483
sumt,11,-1.2304043676375702,0.4181392785930649,1.407265466331446,1.4358871611291841,-1.303116016377355,-1.213939168737607,0,0,0,-0.719153427441943,-0.719153427441943,0.18530690093213234,-0.8437866336776528,-0.22764134647582118,-0.8437866336776528,0.06606398789721987,-0.5980104103234625,-0.0038385803365358364,32.735516,-88.279062,-0.7733303445493539
sumt,12,-1.2304043676375702,0.4181392785930649,1.407265466331446,1.7034177040484277,-1.5833861089594194,-1.4942092613196716,0,0,0,0.18530690093213234,-0.719153427441943,-0.4176666513172512,-0.38167766827627914,-0.8437866336776528,-0.22764134647582118,0.275771692598487,-0.2834488532715599,-0.0038385803365358364,32.742949,-88.272389,0.08298165518973569
sunf,01,-1.4282296051852463,0.22031404104538865,1.5391489580298967,-1.4559906123312083,1.4741058101176474,1.6269804060715007,1,0,0,-0.4176666513172512,-0.4176666513172512,-0.4176666513172512,-0.8437866336776528,-0.22764134647582118,0.08043129712509453,-0.6679129785572181,1.5340179208060947,1.8835307619748745,32.867428,-88.387491,0.8871602962310777
sunf,02,-1.4282296051852463,0.22031404104538865,1.5391489580298967,-1.1502414204235016,1.193835717535583,1.3467103134894365,1,1,1,-0.719153427441943,-0.719153427441943,-0.4176666513172512,-0.8437866336776528,0.5425402625264683,1.3127218715287576,-0.9125719673753637,0.8349922384685351,1.6388717731567288,32.867346,-88.376332,-0.07316629662849304
sunf,03,-1.4282296051852463,0.22031404104538865,1.5391489580298967,-0.8444922285157949,0.9008260752906975,1.066440220907372,1,1,1,-0.719153427441943,-0.719153427441943,-0.719153427441943,-0.8437866336776528,-0.38167766827627914,-0.22764134647582118,-0.31840013738843836,1.3243102161048264,1.5340179208060947,32.867347,-88.36495,0.0709137578229062
sunf,04,-1.4282296051852463,0.22031404104538865,1.5391489580298967,-0.5514825862709093,0.6078164330458119,0.7097328303483807,1,1,1,-0.719153427441943,-0.719153427441943,-0.719153427441943,-0.8437866336776528,-0.8437866336776528,-0.8437866336776528,-0.49315655797282826,0.9048948067022908,0.9747973749360465,32.867089,-88.354308,-0.9028556177429445
sunf,08,-1.4282296051852463,0.22031404104538865,1.5391489580298967,-0.041900599758064816,0.11097399619578853,0.23836949282399963,0,0,0,1.3912540054308995,3.501661438303742,2.295714333804975,-0.8437866336776528,0.2344676189255524,0.2344676189255524,-0.17859500092092573,0.3107229767153655,0.555381965533511,32.87941,-88.331333,-0.9713954921132292
sunf,09,-1.4282296051852463,0.22031404104538865,1.5391489580298967,0.25110904248682075,-0.15655654672345481,-0.029161050095243706,0,0,0,2.597201109929667,1.0897672293062077,1.3912540054308995,1.774830836930131,0.08043129712509453,-0.8437866336776528,-0.3533514215053156,0.13596655613097558,0.5204306814166338,32.886498,-88.341027,-0.8635561803834724
sunf,10,-1.4282296051852463,0.22031404104538865,1.5391489580298967,0.5568582343945274,-0.4368266393055193,-0.3603893413285926,1,1,1,-0.4176666513172512,0.788280453181516,0.48679367705682414,2.6990487677328785,-0.8437866336776528,-0.07360502467536333,0.17091784024785403,0.3456742608322439,0.031112703780341394,32.890893,-88.351523,-0.9731761122558528
sunf,11,-1.4282296051852463,0.22031404104538865,1.5391489580298967,0.8626074263022341,-0.7170967318875837,-0.640659433910657,1,1,1,-0.11617987519255944,-0.4176666513172512,-0.719153427441943,2.2369398023315052,0.3885039407260104,-0.07360502467536333,0.1010152720140971,-0.21354628503780418,-0.10869243268717001,32.896792,-88.361208,-0.9019198238776673
sunf,12,-1.4282296051852463,0.22031404104538865,1.5391489580298967,1.1556170685471197,-1.0101063741324694,-0.9209295264927215,0,0,0,0.18530690093213234,0.18530690093213234,-0.4176666513172512,1.9288671587305892,-0.07360502467536333,-0.8437866336776528,0.8699435225854135,-0.07374114857029278,0.6252845337672668,32.903715,-88.368296,-0.8779876342475768
sunf,13,-1.4282296051852463,0.22031404104538865,1.5391489580298967,1.4486267107920052,-1.303116016377355,-1.201199619074786,0,1,0,-0.11617987519255944,-0.11617987519255944,-0.11617987519255944,0.6965765843269262,-0.07360502467536333,-0.38167766827627914,1.7087743413904846,-0.14364371680404847,-0.038789864453414306,32.911333,-88.375096,-0.3700310570707253
sunf,14,-1.4282296051852463,0.22031404104538865,1.5391489580298967,1.7671154523625332,-1.6088652082850616,-1.4942092613196716,0,0,0,0.18530690093213234,-0.4176666513172512,-0.719153427441943,0.2344676189255524,0.5425402625264683,0.08043129712509453,1.673823057273606,-0.10869243268717001,-0.038789864453414306,32.911729,-88.384874,-0.13709652866182462
unio,01,-0.7688121466929924,-0.30721992574841456,0.8797314995376426,-1.6216047579478827,1.4995849094432898,1.5632826577573953,0,0,0,-0.719153427441943,0.18530690093213234,-0.4176666513172512,-0.22764134647582118,0.2344676189255524,0.08043129712509453,-0.10869243268717001,1.2544076478710706,1.5340179208060947,32.457117,-87.521099,0.4391270721222271
unio,02,-0.7688121466929924,-0.30721992574841456,0.8797314995376426,-1.315855566040176,1.2065752671984042,1.295752114838152,1,1,0,-0.719153427441943,0.18530690093213234,-0.4176666513172512,-0.8437866336776528,-0.8437866336776528,1.9288671587305892,-0.38830270562219404,1.1495537955204365,1.3592615002217048,32.463653,-87.529282,0.6737964158843688
unio,03,-0.7688121466929924,-0.30721992574841456,0.8797314995376426,-1.0355854734581116,0.9390447242791607,1.0027424725932663,1,1,0,-0.4176666513172512,-0.4176666513172512,-0.719153427441943,-0.07360502467536333,-0.07360502467536333,0.6965765843269262,-0.5630591262065839,1.2544076478710706,1.1845050796373149,32.469483,-87.538529,0.9042573489305122
unio,04,-0.7688121466929924,-0.30721992574841456,0.8797314995376426,-0.7298362815504048,0.6078164330458119,0.7224723800112018,0,0,0,-0.719153427441943,-0.11617987519255944,-0.719153427441943,0.3885039407260104,0.5425402625264683,3.931339342136542,-0.4232539897390725,1.0446999431698034,1.1495537955204365,32.473059,-87.548716,-0.4440271675552688
unio,05,-0.7688121466929924,-0.30721992574841456,0.8797314995376426,-0.4495661889683404,0.3275463404637474,0.4422022874291374,0,0,0,-0.719153427441943,-0.719153427441943,-0.4176666513172512,0.8506129061273842,0.6965765843269262,3.0071214113337947,-0.38830270562219404,0.6602358178841452,1.009748659052925,32.481034,-87.554262,-0.9700932716716127
unio,06,-0.7688121466929924,-0.30721992574841456,0.8797314995376426,-0.15655654672345481,-0.0036819507696014826,0.14919264518425185,0,0,0,-0.719153427441943,-0.719153427441943,-0.4176666513172512,-0.07360502467536333,0.08043129712509453,0.2344676189255524,-0.4232539897390725,0.6951871020010237,0.8699435225854135,32.48983,-87.558086,-0.4509166334132095
unio,07,-0.7688121466929924,-0.30721992574841456,0.8797314995376426,0.16193219484707297,-0.3221706923401293,-0.16929609638627593,0,1,1,-0.719153427441943,-0.719153427441943,-0.719153427441943,-0.38167766827627914,0.5425402625264683,1.0046492279278418,0.38062554494912115,0.24082040848160974,0.8699435225854135,32.499393,-87.558543,0.4865764657564858
unio,08,-0.7688121466929924,-0.30721992574841456,0.8797314995376426,0.48042093641760075,-0.640659433910657,-0.46230573863116153,0,0,0,-0.719153427441943,-0.719153427441943,-0.719153427441943,0.3885039407260104,-0.8437866336776528,0.8506129061273842,0.1010152720140971,0.7301383861179009,0.8699435225854135,32.503445,-87.548038,-1.0254471499836844
unio,09,-0.7688121466929924,-0.30721992574841456,0.8797314995376426,0.7606910289996652,-0.9336690761555426,-0.7680549305388682,0,0,0,-0.719153427441943,-0.719153427441943,-0.719153427441943,-0.8437866336776528,1.774830836930131,2.0829034805310473,0.8349922384685351,0.41557682906599963,0.7650896702347794,32.503513,-87.537443,-0.6632700448409683
unio,10,-0.7688121466929924,-0.30721992574841456,0.8797314995376426,1.053700671244551,-1.2394182680632493,-1.086543672109396,0,0,0,-0.4176666513172512,-0.719153427441943,-0.719153427441943,-0.8437866336776528,-0.8437866336776528,0.3885039407260104,0.7301383861179009,0.5204306814166338,0.6602358178841452,32.503678,-87.525973,-0.9461691297029131
unio,11,-0.7688121466929924,-0.30721992574841456,0.8797314995376426,1.3339707638266152,-1.545167459970956,-1.3922928640171026,0,0,0,-0.719153427441943,-0.719153427441943,-0.719153427441943,-0.8437866336776528,-0.8437866336776528,0.3885039407260104,1.1845050796373149,0.3107229767153655,0.6602358178841452,32.503629,-87.514763,-0.607747441599909
